CriterionID	Subsection	Description	MaxMark	RunFrom	Commands	ExpectedResult	Notes
A3.1.1	A3.1	Все узлы имеют корректные hostname согласно заданию	0.25	admin-a3	for h in 10.33.10.1 10.33.10.20 10.33.20.1 10.33.20.20 10.33.40.10 10.33.40.20 10.33.30.10; do ssh root@$h 'hostnamectl --static'; done	Вывод содержит ожидаемые hostname без временных/старых имён.	Если проверка зависит от DNS, при отказе повторить по IP и классифицировать primary failure отдельно.
A3.1.2	A3.1	IPv4-адресация интерфейсов соответствует таблице	0.35	admin-a3	for h in 10.33.10.1 10.33.10.20 10.33.20.1 10.33.20.20 10.33.40.10 10.33.40.20 10.33.30.10; do echo ===$h===; ssh root@$h 'ip -4 addr show'; done	Адреса совпадают: 10.33.10.1/24, 10.33.10.20/24, 192.0.2.10/24, 192.0.2.20/24, 10.33.20.1/24, 10.33.30.1/24, 10.33.40.1/24, 10.33.20.20/24, 10.33.30.10/24, 10.33.40.10/24, 10.33.40.20/24.	Если проверка зависит от DNS, при отказе повторить по IP и классифицировать primary failure отдельно.
A3.1.3	A3.1	IPv6-адресация интерфейсов соответствует таблице	0.25	admin-a3	for h in 10.33.10.1 10.33.10.20 10.33.20.1 10.33.20.20 10.33.40.10 10.33.40.20 10.33.30.10; do echo ===$h===; ssh root@$h 'ip -6 addr show scope global'; done	Вывод содержит требуемые global IPv6 addresses на всех интерфейсах.	Если проверка зависит от DNS, при отказе повторить по IP и классифицировать primary failure отдельно.
A3.1.4	A3.1	Default gateway endpoint-узлов настроен корректно	0.25	admin-a3	for h in 10.33.10.20 10.33.20.20 10.33.40.10 10.33.40.20 10.33.30.10; do echo ===$h===; ssh root@$h 'ip route show default; ip -6 route show default'; done	Default routes ведут через 10.33.10.1, 10.33.20.1, 10.33.40.1 или 10.33.30.1; IPv6 default через соответствующий gateway.	Если проверка зависит от DNS, при отказе повторить по IP и классифицировать primary failure отдельно.
A3.1.5	A3.1	IPv4 static routing на gateway-узлах настроен корректно	0.25	admin-a3	ssh root@10.33.10.1 'ip route'; ssh root@10.33.20.1 'ip route'	branch-fw-a3: routes to 10.33.20.0/24, 10.33.30.0/24, 10.33.40.0/24 via 192.0.2.20. hq-fw-a3: route to 10.33.10.0/24 via 192.0.2.10.	Если проверка зависит от DNS, при отказе повторить по IP и классифицировать primary failure отдельно.
A3.1.6	A3.1	IPv6 static routing на gateway-узлах настроен корректно	0.25	admin-a3	ssh root@10.33.10.1 'ip -6 route'; ssh root@10.33.20.1 'ip -6 route'	branch-fw-a3 routes to 2001:db8:a3:20::/64, :30::/64, :40::/64 via 2001:db8:a3:100::20; hq-fw-a3 route to 2001:db8:a3:10::/64 via 2001:db8:a3:100::10.	Если проверка зависит от DNS, при отказе повторить по IP и классифицировать primary failure отдельно.
A3.1.7	A3.1	IPv4 forwarding включён и постоянен на branch-fw-a3 и hq-fw-a3	0.20	admin-a3	ssh root@10.33.10.1 'runtime=$(sysctl -n net.ipv4.ip_forward 2>/dev/null); effective=$(/usr/lib/systemd/systemd-sysctl --cat-config 2>/dev/null | awk -v wanted="net.ipv4.ip_forward" '\''/^# \/.*\.conf/ {source=substr($0,3); next} /^[[:space:]]*[#;]/ {next} {line=$0; split(line,a,"="); key=a[1]; gsub(/[[:space:]]/,"",key); if(key==wanted){value=a[2]; gsub(/[[:space:]]/,"",value); last=value; lastsource=source}} END{if(last!="") printf "%s|%s",last,lastsource}'\''); value=${effective%%|*}; source=${effective#*|}; echo "IPV4_FORWARD_RUNTIME=$runtime"; [ -n "$effective" ] && echo "IPV4_FORWARD_EFFECTIVE=$value source=$source" || echo "IPV4_FORWARD_PERSISTENT_MISSING"; if [ "$runtime" = 1 ] && [ "$value" = 1 ]; then echo "IPV4_FORWARD_OK branch-fw-a3"; else echo "IPV4_FORWARD_FAIL branch-fw-a3: runtime=$runtime persistent=${value:-missing}"; exit 1; fi'; ssh root@10.33.20.1 'runtime=$(sysctl -n net.ipv4.ip_forward 2>/dev/null); effective=$(/usr/lib/systemd/systemd-sysctl --cat-config 2>/dev/null | awk -v wanted="net.ipv4.ip_forward" '\''/^# \/.*\.conf/ {source=substr($0,3); next} /^[[:space:]]*[#;]/ {next} {line=$0; split(line,a,"="); key=a[1]; gsub(/[[:space:]]/,"",key); if(key==wanted){value=a[2]; gsub(/[[:space:]]/,"",value); last=value; lastsource=source}} END{if(last!="") printf "%s|%s",last,lastsource}'\''); value=${effective%%|*}; source=${effective#*|}; echo "IPV4_FORWARD_RUNTIME=$runtime"; [ -n "$effective" ] && echo "IPV4_FORWARD_EFFECTIVE=$value source=$source" || echo "IPV4_FORWARD_PERSISTENT_MISSING"; if [ "$runtime" = 1 ] && [ "$value" = 1 ]; then echo "IPV4_FORWARD_OK hq-fw-a3"; else echo "IPV4_FORWARD_FAIL hq-fw-a3: runtime=$runtime persistent=${value:-missing}"; exit 1; fi'	На каждом gateway runtime равен 1, а последнее эффективное присваивание из systemd-sysctl --cat-config также равно 1; выводится файл-источник.	Debian 13: проверяются все sysctl.d-каталоги с учётом порядка systemd; /etc/sysctl.conf не считается источником systemd-sysctl.
A3.1.8	A3.1	IPv6 forwarding включён и постоянен на branch-fw-a3 и hq-fw-a3	0.20	admin-a3	ssh root@10.33.10.1 'runtime=$(sysctl -n net.ipv6.conf.all.forwarding 2>/dev/null); effective=$(/usr/lib/systemd/systemd-sysctl --cat-config 2>/dev/null | awk -v wanted="net.ipv6.conf.all.forwarding" '\''/^# \/.*\.conf/ {source=substr($0,3); next} /^[[:space:]]*[#;]/ {next} {line=$0; split(line,a,"="); key=a[1]; gsub(/[[:space:]]/,"",key); if(key==wanted){value=a[2]; gsub(/[[:space:]]/,"",value); last=value; lastsource=source}} END{if(last!="") printf "%s|%s",last,lastsource}'\''); value=${effective%%|*}; source=${effective#*|}; echo "IPV6_FORWARD_RUNTIME=$runtime"; [ -n "$effective" ] && echo "IPV6_FORWARD_EFFECTIVE=$value source=$source" || echo "IPV6_FORWARD_PERSISTENT_MISSING"; if [ "$runtime" = 1 ] && [ "$value" = 1 ]; then echo "IPV6_FORWARD_OK branch-fw-a3"; else echo "IPV6_FORWARD_FAIL branch-fw-a3: runtime=$runtime persistent=${value:-missing}"; exit 1; fi'; ssh root@10.33.20.1 'runtime=$(sysctl -n net.ipv6.conf.all.forwarding 2>/dev/null); effective=$(/usr/lib/systemd/systemd-sysctl --cat-config 2>/dev/null | awk -v wanted="net.ipv6.conf.all.forwarding" '\''/^# \/.*\.conf/ {source=substr($0,3); next} /^[[:space:]]*[#;]/ {next} {line=$0; split(line,a,"="); key=a[1]; gsub(/[[:space:]]/,"",key); if(key==wanted){value=a[2]; gsub(/[[:space:]]/,"",value); last=value; lastsource=source}} END{if(last!="") printf "%s|%s",last,lastsource}'\''); value=${effective%%|*}; source=${effective#*|}; echo "IPV6_FORWARD_RUNTIME=$runtime"; [ -n "$effective" ] && echo "IPV6_FORWARD_EFFECTIVE=$value source=$source" || echo "IPV6_FORWARD_PERSISTENT_MISSING"; if [ "$runtime" = 1 ] && [ "$value" = 1 ]; then echo "IPV6_FORWARD_OK hq-fw-a3"; else echo "IPV6_FORWARD_FAIL hq-fw-a3: runtime=$runtime persistent=${value:-missing}"; exit 1; fi'	На каждом gateway runtime равен 1, а последнее эффективное присваивание из systemd-sysctl --cat-config также равно 1; выводится файл-источник.	Debian 13: проверяются все sysctl.d-каталоги с учётом порядка systemd; /etc/sysctl.conf не считается источником systemd-sysctl.
A3.1.9	A3.1	IPv4 routed reachability между ключевыми сегментами работает	0.25	admin-a3	ssh root@10.33.10.20 'ping -c2 10.33.40.10 && ping -c2 10.33.20.20'; ssh root@10.33.20.20 'ping -c2 10.33.10.20 && ping -c2 10.33.40.10'	Ping успешен для указанных пар, если firewall matrix разрешает ICMP для пары.	Если проверка зависит от DNS, при отказе повторить по IP и классифицировать primary failure отдельно.
A3.1.10	A3.1	IPv6 routed reachability между указанными парами работает	0.20	admin-a3	ssh root@10.33.10.20 'ping -6 -c2 2001:db8:a3:40::10'; ssh root@10.33.20.20 'ping -6 -c2 2001:db8:a3:10::20'	IPv6 ping успешен для branch-user-a3 -> proxy-a3 и admin-a3 -> branch-user-a3.	Если проверка зависит от DNS, при отказе повторить по IP и классифицировать primary failure отдельно.
A3.1.11	A3.1	NAT между внутренними сетями не используется	0.25	admin-a3	ssh root@10.33.40.10 'timeout 8 tcpdump -ni any host 10.33.10.20 -c 3' & sleep 1; ssh root@10.33.10.20 'curl -sk https://portal.nova.a3.test/ >/dev/null'; wait	На proxy-a3/tcpdump виден source 10.33.10.20. Не должен быть виден masqueraded source 192.0.2.20/10.33.40.1.	Если проверка зависит от DNS, при отказе повторить по IP и классифицировать primary failure отдельно.
A3.1.12	A3.1	Network settings сохраняются после перезагрузки/рестарта networking	0.20	admin-a3	После reboot/restart: повторить проверки A3.1.2–A3.1.8.	Все адреса, маршруты и forwarding сохраняются.	Если проверка зависит от DNS, при отказе повторить по IP и классифицировать primary failure отдельно.
A3.1.13	A3.1	Внешние APT repositories не используются	0.10	admin-a3	for h in 10.33.10.1 10.33.10.20 10.33.20.1 10.33.20.20 10.33.40.10 10.33.40.20 10.33.30.10; do echo ===$h===; ssh root@$h 'grep -R "^deb \|^deb-src " /etc/apt/sources.list /etc/apt/sources.list.d 2>/dev/null || true'; done	Не используются публичные Internet repositories. Допустимы только локальные репозитории площадки, file:/, preinstalled packages или пустой sources.list.	Это оценивает соблюдение запрета на внешние Internet-ресурсы, а не наличие предустановленных packages.
A3.2.1	A3.2	DNS service на proxy-a3 запущен и слушает TCP/UDP 53	0.20	admin-a3	ssh root@10.33.40.10 'systemctl is-active bind9 named 2>/dev/null || true; ss -lntup | grep -E ":53\b"'	DNS service active; TCP/UDP 53 listening.	Если проверка зависит от DNS, при отказе повторить по IP и классифицировать primary failure отдельно.
A3.2.2	A3.2	Зона nova.a3.test имеет корректные SOA и NS records	0.20	admin-a3	ssh root@10.33.20.20 'server=10.33.40.10; soa=$(dig @"$server" nova.a3.test SOA +time=3 +tries=1 +noall +comments +answer 2>&1); ns=$(dig @"$server" nova.a3.test NS +time=3 +tries=1 +noall +comments +answer 2>&1); printf "%s\n%s\n" "$soa" "$ns"; rc=0; if printf "%s\n" "$soa" | grep -Eq "status: NOERROR" && printf "%s\n" "$soa" | awk '\''$4=="SOA" && $5=="proxy-a3.nova.a3.test."{ok=1} END{exit !ok}'\''; then echo "DNS_SOA_OK mname=proxy-a3.nova.a3.test."; else echo "DNS_SOA_FAIL: требуется NOERROR и SOA MNAME proxy-a3.nova.a3.test."; rc=1; fi; if printf "%s\n" "$ns" | grep -Eq "status: NOERROR" && printf "%s\n" "$ns" | awk '\''$4=="NS" && $5=="proxy-a3.nova.a3.test."{ok=1} END{exit !ok}'\''; then echo "DNS_NS_OK target=proxy-a3.nova.a3.test."; else echo "DNS_NS_FAIL: требуется NOERROR и NS proxy-a3.nova.a3.test."; rc=1; fi; exit "$rc"'	DNS_SOA_OK подтверждает SOA MNAME proxy-a3.nova.a3.test.; DNS_NS_OK подтверждает NS target proxy-a3.nova.a3.test.; оба ответа имеют status NOERROR.	Успешный exit команды dig без проверки содержимого не считается выполнением критерия.
A3.2.3	A3.2	A records для всех физических хостов корректны	0.25	admin-a3	ssh root@10.33.20.20 'check_a() { name="$1"; expected="$2"; got=$(dig @10.33.40.10 +short "${name}.nova.a3.test" A +time=3 +tries=1 2>/dev/null | sort -u | sed "/^$/d"); compact=$(printf "%s" "$got" | tr "\n" "," | sed "s/,$//"); if [ "$got" = "$expected" ]; then echo "DNS_A_OK $name expected=$expected actual=$compact"; printf "\033[32mDEVICE %-18s: PASS\033[0m\n" "$name"; echo "  Причина: A record точно соответствует addressing plan ($expected)."; return 0; else echo "DNS_A_FAIL $name expected=$expected actual=${compact:-EMPTY}"; printf "\033[31mDEVICE %-18s: FAIL\033[0m\n" "$name"; echo "  Причина: ожидался только $expected, получено ${compact:-пустой ответ}."; return 1; fi; }; rc=0; check_a branch-fw-a3 10.33.10.1 || rc=1; check_a branch-user-a3 10.33.10.20 || rc=1; check_a hq-fw-a3 10.33.20.1 || rc=1; check_a admin-a3 10.33.20.20 || rc=1; check_a proxy-a3 10.33.40.10 || rc=1; check_a app-a3 10.33.40.20 || rc=1; check_a log-a3 10.33.30.10 || rc=1; exit "$rc"'	Для каждого из семи базовых FQDN выводится ожидаемый и фактический IPv4, затем отдельный PASS/FAIL. Засчитывается только единственный точный primary/internal IPv4; частичный балл рассчитывается по числу корректных записей.	Проверка не останавливается на первой ошибке. Для multi-interface gateway базовое имя не должно указывать на WAN, если отдельно есть interface-specific records.
A3.2.4	A3.2	AAAA records для всех физических хостов корректны	0.20	admin-a3	ssh root@10.33.20.20 'check_aaaa() { name="$1"; expected="$2"; got=$(dig @10.33.40.10 +short "${name}.nova.a3.test" AAAA +time=3 +tries=1 2>/dev/null | sort -u | sed "/^$/d"); compact=$(printf "%s" "$got" | tr "\n" "," | sed "s/,$//"); if [ "$got" = "$expected" ]; then echo "DNS_AAAA_OK $name expected=$expected actual=$compact"; printf "\033[32mDEVICE %-18s: PASS\033[0m\n" "$name"; echo "  Причина: AAAA record точно соответствует addressing plan ($expected)."; return 0; else echo "DNS_AAAA_FAIL $name expected=$expected actual=${compact:-EMPTY}"; printf "\033[31mDEVICE %-18s: FAIL\033[0m\n" "$name"; echo "  Причина: ожидался только $expected, получено ${compact:-пустой ответ}."; return 1; fi; }; rc=0; check_aaaa branch-fw-a3 2001:db8:a3:10::1 || rc=1; check_aaaa branch-user-a3 2001:db8:a3:10::20 || rc=1; check_aaaa hq-fw-a3 2001:db8:a3:20::1 || rc=1; check_aaaa admin-a3 2001:db8:a3:20::20 || rc=1; check_aaaa proxy-a3 2001:db8:a3:40::10 || rc=1; check_aaaa app-a3 2001:db8:a3:40::20 || rc=1; check_aaaa log-a3 2001:db8:a3:30::10 || rc=1; exit "$rc"'	Для каждого из семи базовых FQDN выводятся expected и actual IPv6, затем отдельный DEVICE PASS/FAIL. Засчитывается только единственный точный primary/internal IPv6; частичный балл рассчитывается по числу корректных записей.	Проверка не останавливается на первой ошибке. Interface-specific IPv6 records оцениваются отдельно только если явно предусмотрены заданием.
A3.2.5	A3.2	Interface-specific DNS names для gateway-хостов корректны	0.20	admin-a3	ssh root@10.33.20.20 'for n in branch-fw-wan-a3 hq-fw-wan-a3 hq-fw-admin-a3 hq-fw-log-a3 hq-fw-srv-a3; do echo $n; dig @10.33.40.10 +short ${n}.nova.a3.test A; done'	Records указывают на 192.0.2.10, 192.0.2.20, 10.33.20.1, 10.33.30.1, 10.33.40.1.	Если проверка зависит от DNS, при отказе повторить по IP и классифицировать primary failure отдельно.
A3.2.6	A3.2	WireGuard DNS names корректны	0.15	admin-a3	ssh root@10.33.20.20 'dig @10.33.40.10 +short hq-fw-wg-a3.nova.a3.test A; dig @10.33.40.10 +short branch-user-wg-a3.nova.a3.test A'	Возвращается 10.233.3.1 и 10.233.3.10.	Если проверка зависит от DNS, при отказе повторить по IP и классифицировать primary failure отдельно.
A3.2.7	A3.2	CNAME records portal и www корректны	0.20	admin-a3	ssh root@10.33.20.20 'dig @10.33.40.10 portal.nova.a3.test CNAME +short; dig @10.33.40.10 www.nova.a3.test CNAME +short'	CNAME указывает на proxy-a3.nova.a3.test.	Если проверка зависит от DNS, при отказе повторить по IP и классифицировать primary failure отдельно.
A3.2.8	A3.2	IPv4 PTR records для физических адресов корректны	0.25	admin-a3	ssh root@10.33.20.20 'for ip in 10.33.10.1 10.33.10.20 192.0.2.10 192.0.2.20 10.33.20.1 10.33.20.20 10.33.30.1 10.33.30.10 10.33.40.1 10.33.40.10 10.33.40.20; do echo $ip; dig @10.33.40.10 -x $ip +short; done'	Каждый PTR возвращает соответствующее hostname/FQDN.	Если проверка зависит от DNS, при отказе повторить по IP и классифицировать primary failure отдельно.
A3.2.9	A3.2	IPv4 PTR records для WireGuard-адресов корректны	0.15	admin-a3	ssh root@10.33.20.20 'dig @10.33.40.10 -x 10.233.3.1 +short; dig @10.33.40.10 -x 10.233.3.10 +short'	Возвращаются hq-fw-wg-a3.nova.a3.test и branch-user-wg-a3.nova.a3.test.	Если проверка зависит от DNS, при отказе повторить по IP и классифицировать primary failure отдельно.
A3.2.10	A3.2	DNS recursion разрешена только для внутренних source networks	0.25	admin-a3	ssh root@10.33.10.20 'out=$(dig @10.33.40.10 nova.a3.test SOA +time=3 +tries=1 +noall +comments +answer 2>&1); printf "%s\n" "$out"; if printf "%s\n" "$out" | grep -Eq "flags:.*ra" && printf "%s\n" "$out" | grep -Fq "SOA" && ! printf "%s\n" "$out" | grep -Eq "status: REFUSED|timed out|no servers could be reached"; then echo "DNS_RECURSION_OK branch-user-a3 RA+SOA"; else echo "DNS_RECURSION_FAIL branch-user-a3 no-RA-or-no-SOA"; exit 1; fi'\nssh root@10.33.20.20 'out=$(dig @10.33.40.10 nova.a3.test SOA +time=3 +tries=1 +noall +comments +answer 2>&1); printf "%s\n" "$out"; if printf "%s\n" "$out" | grep -Eq "flags:.*ra" && printf "%s\n" "$out" | grep -Fq "SOA" && ! printf "%s\n" "$out" | grep -Eq "status: REFUSED|timed out|no servers could be reached"; then echo "DNS_RECURSION_OK admin-a3 RA+SOA"; else echo "DNS_RECURSION_FAIL admin-a3 no-RA-or-no-SOA"; exit 1; fi'\nssh root@10.33.40.20 'out=$(dig @10.33.40.10 nova.a3.test SOA +time=3 +tries=1 +noall +comments +answer 2>&1); printf "%s\n" "$out"; if printf "%s\n" "$out" | grep -Eq "flags:.*ra" && printf "%s\n" "$out" | grep -Fq "SOA" && ! printf "%s\n" "$out" | grep -Eq "status: REFUSED|timed out|no servers could be reached"; then echo "DNS_RECURSION_OK app-a3 RA+SOA"; else echo "DNS_RECURSION_FAIL app-a3 no-RA-or-no-SOA"; exit 1; fi'\nssh root@10.33.30.10 'out=$(dig @10.33.40.10 nova.a3.test SOA +time=3 +tries=1 +noall +comments +answer 2>&1); printf "%s\n" "$out"; if printf "%s\n" "$out" | grep -Eq "flags:.*ra" && printf "%s\n" "$out" | grep -Fq "SOA" && ! printf "%s\n" "$out" | grep -Eq "status: REFUSED|timed out|no servers could be reached"; then echo "DNS_RECURSION_OK log-a3 RA+SOA"; else echo "DNS_RECURSION_FAIL log-a3 no-RA-or-no-SOA"; exit 1; fi'	На каждом внутреннем source DNS-ответ локальной зоны nova.a3.test содержит флаг RA и SOA; DNS_RECURSION_FAIL отсутствует.	Проверка использует локальную авторитативную зону и не зависит от Internet/upstream. Не требовать recursion через WireGuard.
A3.2.11	A3.2	DNS recursion запрещена для source addresses из WAN-сегмента	0.25	admin-a3	ssh root@10.33.10.1 'dig -b 192.0.2.10 @10.33.40.10 example.invalid A +time=2 +tries=1 +comments 2>&1 || true'\nssh root@10.33.20.1 'dig -b 192.0.2.20 @10.33.40.10 example.invalid A +time=2 +tries=1 +comments 2>&1 || true'	WAN-source запросы к DNS-серверу proxy-a3 должны получать REFUSED или отсутствие ответа. Запрос не должен возвращать успешный рекурсивный ответ.	Важно: проверка обращается к DNS-серверу 10.33.40.10, а не к WAN-интерфейсу hq-fw-a3.
A3.2.12	A3.2	DNS resolver настроен на всех узлах	0.25	admin-a3	for h in 10.33.10.1 10.33.10.20 10.33.20.1 10.33.20.20 10.33.40.10 10.33.40.20 10.33.30.10; do echo ===$h===; ssh root@$h 'resolvectl dns 2>/dev/null || cat /etc/resolv.conf'; done	Resolver указывает на proxy-a3/10.33.40.10 или 127.0.0.1 на proxy-a3.	Если проверка зависит от DNS, при отказе повторить по IP и классифицировать primary failure отдельно.
A3.2.13	A3.2	DNS resolution работает с branch-user-a3 и admin-a3 через routed path	0.20	admin-a3	ssh root@10.33.10.20 'getent hosts portal.nova.a3.test app-a3.nova.a3.test log-a3.nova.a3.test'; ssh root@10.33.20.20 'getent hosts portal.nova.a3.test app-a3.nova.a3.test log-a3.nova.a3.test'	getent hosts возвращает ожидаемые адреса.	Если проверка зависит от DNS, при отказе повторить по IP и классифицировать primary failure отдельно.
A3.2.14	A3.2	DNS service и zone configuration сохраняются после restart/reboot	0.10	admin-a3	ssh root@10.33.40.10 'systemctl restart bind9 || systemctl restart named'; sleep 2; ssh root@10.33.20.20 'dig @10.33.40.10 portal.nova.a3.test A +short'	После restart DNS отвечает корректно.	Если проверка зависит от DNS, при отказе повторить по IP и классифицировать primary failure отдельно.
A3.2.15	A3.2	В resolver configuration не используются внешние DNS-серверы	0.15	admin-a3	for h in 10.33.10.20 10.33.20.20 10.33.40.10 10.33.40.20 10.33.30.10; do echo ===$h===; ssh root@$h 'grep -R "nameserver" /etc/resolv.conf /etc/systemd/resolved.conf /etc/systemd/resolved.conf.d 2>/dev/null || true'; done	Не используются 8.8.8.8, 1.1.1.1, внешние DNS или реальные Internet resolver.	Если проверка зависит от DNS, при отказе повторить по IP и классифицировать primary failure отдельно.
A3.3.1	A3.3	Root CA Nova A3 Root CA создан и доступен на proxy-a3	0.25	admin-a3	ssh root@10.33.40.10 'found=0; while IFS= read -r f; do subject=$(openssl x509 -in "$f" -noout -subject 2>/dev/null) || continue; printf "CERTIFICATE=%s\n%s\n" "$f" "$subject"; if printf "%s\n" "$subject" | grep -Eq "CN[[:space:]]*=[[:space:]]*Nova A3 Root CA"; then found=1; break; fi; done < <(find /opt/a3-ca -maxdepth 2 -type f \( -name "*.pem" -o -name "*.crt" \) 2>/dev/null); if [ "$found" -eq 1 ]; then echo "ROOT_CA_SUBJECT_OK"; else echo "ROOT_CA_SUBJECT_FAIL: сертификат с CN = Nova A3 Root CA не найден"; exit 1; fi'	Вывод содержит ROOT_CA_SUBJECT_OK и subject с CN = Nova A3 Root CA.	Проверяются все PEM/CRT в /opt/a3-ca; отсутствие каталога, читаемого сертификата или нужного CN даёт FAIL.
A3.3.2	A3.3	Root CA имеет корректные X.509 extensions	0.25	admin-a3	ssh root@10.33.40.10 'openssl x509 -in /opt/a3-ca/ca.pem -noout -text | egrep -A2 "Basic Constraints|Key Usage"'	Basic Constraints: CA:TRUE; Key Usage включает Certificate Sign/CRL Sign.	Если проверка зависит от DNS, при отказе повторить по IP и классифицировать primary failure отдельно.
A3.3.3	A3.3	CA private key защищён и не доступен через web service	0.25	admin-a3	ssh root@10.33.40.10 'found=0; secure=1; while IFS= read -r f; do if openssl pkey -in "$f" -noout >/dev/null 2>&1; then found=1; owner=$(stat -c "%U" "$f"); group=$(stat -c "%G" "$f"); mode=$(stat -c "%a" "$f"); printf "PRIVATE_KEY=%s owner=%s group=%s mode=%s\n" "$f" "$owner" "$group" "$mode"; [ "$owner" = root ] || secure=0; case "$mode" in 400|440|600|640) ;; *) secure=0 ;; esac; fi; done < <(find /opt/a3-ca -maxdepth 2 -type f 2>/dev/null); body=$(curl -sk --max-time 5 https://portal.nova.a3.test/ca.key 2>/dev/null || true); if printf "%s\n" "$body" | grep -Eq "BEGIN (RSA |EC |OPENSSH )?PRIVATE KEY"; then echo "PRIVATE_KEY_WEB_EXPOSED"; secure=0; else echo "PRIVATE_KEY_WEB_NOT_EXPOSED"; fi; if [ "$found" -eq 1 ] && [ "$secure" -eq 1 ]; then echo "PRIVATE_KEY_SECURITY_OK"; else [ "$found" -eq 1 ] || echo "PRIVATE_KEY_NOT_FOUND"; echo "PRIVATE_KEY_SECURITY_FAIL"; exit 1; fi'	Есть приватный ключ CA с владельцем root и правами 400/440/600/640; web-ответ не содержит PEM private key; вывод содержит PRIVATE_KEY_SECURITY_OK.	Ключ определяется через openssl pkey, поэтому имя файла не обязано содержать key.
A3.3.4	A3.3	Portal certificate подписан локальным Root CA	0.25	admin-a3	ssh root@10.33.40.10 'ca=""; while IFS= read -r f; do subject=$(openssl x509 -in "$f" -noout -subject 2>/dev/null) || continue; if printf "%s\n" "$subject" | grep -Eq "CN[[:space:]]*=[[:space:]]*Nova A3 Root CA"; then ca="$f"; break; fi; done < <(find /opt/a3-ca -maxdepth 2 -type f \( -name "*.pem" -o -name "*.crt" \) 2>/dev/null); if [ -z "$ca" ]; then echo "PORTAL_CERT_VERIFY_FAIL: Root CA не найден"; exit 1; fi; leaf=$(mktemp); trap "rm -f $leaf" EXIT; echo | openssl s_client -connect 127.0.0.1:443 -servername portal.nova.a3.test -showcerts 2>/dev/null | awk "/BEGIN CERTIFICATE/{p=1} p{print} /END CERTIFICATE/{exit}" >"$leaf"; if ! openssl x509 -in "$leaf" -noout -subject -issuer 2>/dev/null; then echo "PORTAL_CERT_VERIFY_FAIL: портал не отдал сертификат"; exit 1; fi; echo "ROOT_CA_FILE=$ca"; if openssl verify -CAfile "$ca" "$leaf"; then echo "PORTAL_CERT_VERIFY_OK"; else echo "PORTAL_CERT_VERIFY_FAIL: chain verification failed"; exit 1; fi'	Фактический сертификат portal.nova.a3.test с TCP/443 успешно проходит openssl verify через найденный Nova A3 Root CA; вывод содержит PORTAL_CERT_VERIFY_OK.	Имена файлов CA и portal certificate не фиксируются; проверяется сертификат, реально используемый web-сервисом.
A3.3.5	A3.3	Portal certificate содержит все обязательные SAN	0.35	admin-a3	ssh root@10.33.40.10 'echo | openssl s_client -connect portal.nova.a3.test:443 -servername portal.nova.a3.test 2>/dev/null | openssl x509 -noout -ext subjectAltName'	В Subject Alternative Name присутствуют все три DNS-имени.	Если проверка зависит от DNS, при отказе повторить по IP и классифицировать primary failure отдельно.
A3.3.6	A3.3	Portal certificate имеет назначение Server Authentication	0.20	admin-a3	ssh root@10.33.40.10 'pem=$(echo | timeout 8 openssl s_client -connect portal.nova.a3.test:443 -servername portal.nova.a3.test 2>/dev/null); if ! text=$(printf "%s\n" "$pem" | openssl x509 -noout -subject -nameopt RFC2253 -text 2>/dev/null); then echo "PORTAL_CERT_NOT_FOUND"; echo "Причина: TLS-сертификат portal.nova.a3.test:443 не получен или не распознан."; exit 1; fi; subject=$(printf "%s\n" "$text" | sed -n "s/^subject=//p" | head -1); cn=$(printf "%s\n" "$subject" | sed -n "s/.*CN=\([^,]*\).*/\1/p"); echo "PORTAL_CERT_FOUND subject=${subject:-UNKNOWN} CN=${cn:-NOT_PRESENT}"; rc=0; if printf "%s\n" "$text" | grep -Eq "TLS Web Server Authentication|serverAuth"; then echo "PORTAL_EKU_OK serverAuth present"; else echo "PORTAL_EKU_FAIL serverAuth absent"; echo "Причина: сертификат найден, но Extended Key Usage не содержит TLS Web Server Authentication/serverAuth."; rc=1; fi; if printf "%s\n" "$text" | grep -Fq "CA:TRUE"; then echo "PORTAL_BASIC_CONSTRAINTS_FAIL CA:TRUE"; echo "Причина: сертификат портала ошибочно является CA-сертификатом."; rc=1; else echo "PORTAL_BASIC_CONSTRAINTS_OK CA:TRUE absent"; fi; printf "%s\n" "$text" | grep -A3 -E "Extended Key Usage|Basic Constraints" || true; exit "$rc"'	Сначала выводится PORTAL_CERT_FOUND с Subject и CN, подтверждающий получение сертификата. Затем Extended Key Usage должен содержать TLS Web Server Authentication/serverAuth, а Basic Constraints не должен содержать CA:TRUE.	Отсутствие сертификата, отсутствие serverAuth и CA:TRUE выводятся как отдельные причины FAIL.
A3.3.7	A3.3	TLS chain проверяется с branch-user-a3 и admin-a3	0.30	admin-a3	ssh root@10.33.10.20 'if curl -fsS --max-time 8 https://portal.nova.a3.test/ -o /dev/null; then echo "TLS_VERIFY_OK branch-user-a3"; else rc=$?; echo "TLS_VERIFY_FAIL branch-user-a3 curl_exit=$rc"; exit "$rc"; fi'; ssh root@10.33.20.20 'if curl -fsS --max-time 8 https://portal.nova.a3.test/ -o /dev/null; then echo "TLS_VERIFY_OK admin-a3"; else rc=$?; echo "TLS_VERIFY_FAIL admin-a3 curl_exit=$rc"; exit "$rc"; fi'	HTTPS без -k успешно проверяет TLS chain на обоих клиентах; присутствуют TLS_VERIFY_OK branch-user-a3 и TLS_VERIFY_OK admin-a3.	Не используется %{ssl_verify_result}, так как этот write-out attribute поддерживается не всеми версиями curl.
A3.3.8	A3.3	Root CA установлен в system trust store branch-user-a3 и admin-a3	0.30	admin-a3	ssh root@10.33.10.20 'trust list 2>/dev/null | grep -i "Nova A3" || grep -Ri "Nova A3" /etc/ssl/certs /usr/local/share/ca-certificates 2>/dev/null'; ssh root@10.33.20.20 'trust list 2>/dev/null | grep -i "Nova A3" || grep -Ri "Nova A3" /etc/ssl/certs /usr/local/share/ca-certificates 2>/dev/null'	CA обнаруживается в trust store обоих клиентов.	Если проверка зависит от DNS, при отказе повторить по IP и классифицировать primary failure отдельно.
A3.3.9	A3.3	HTTPS portal доступен без certificate error и возвращает ожидаемый контент	0.30	admin-a3	ssh root@10.33.10.20 'curl -sS https://portal.nova.a3.test/'; ssh root@10.33.20.20 'curl -sS https://portal.nova.a3.test/'	Команды завершаются без TLS errors и выводят A3_PORTAL_OK.	Если проверка зависит от DNS, при отказе повторить по IP и классифицировать primary failure отдельно.
A3.3.10	A3.3	HTTP-to-HTTPS redirect сохраняет корректное имя и TLS	0.20	admin-a3	ssh root@10.33.10.20 'curl -sSIL http://portal.nova.a3.test/ | egrep -i "HTTP/|Location:"'	Ответ содержит 301/302 на https://portal.nova.a3.test/; последующий HTTPS работает.	Если проверка зависит от DNS, при отказе повторить по IP и классифицировать primary failure отдельно.
A3.3.11	A3.3	Evidence по TLS оформлен в certificates.txt	0.15	admin-a3	ssh root@10.33.20.20 'test -s /opt/grading/a3/certificates.txt && egrep -i "openssl|curl|SAN|verify|PASS|FAIL" /opt/grading/a3/certificates.txt'	Файл существует, не пустой, содержит проверочные команды и фактический вывод.	Если проверка зависит от DNS, при отказе повторить по IP и классифицировать primary failure отдельно.
A3.3.12	A3.3	TLS configuration сохраняется после restart/reboot proxy-a3	0.20	admin-a3	ssh root@10.33.40.10 'systemctl restart nginx'; sleep 2; ssh root@10.33.10.20 'curl -sS https://portal.nova.a3.test/'	После restart выводится A3_PORTAL_OK без certificate error.	Если проверка зависит от DNS, при отказе повторить по IP и классифицировать primary failure отдельно.
A3.4.1	A3.4	Internal application на app-a3 запущен на TCP/8080	0.25	admin-a3	ssh root@10.33.40.20 'ss -lntp | grep ":8080"; systemctl --type=service --state=running | head -50'	TCP/8080 слушает application service.	Если проверка зависит от DNS, при отказе повторить по IP и классифицировать primary failure отдельно.
A3.4.2	A3.4	GET / на app-a3 возвращает A3_APP_INTERNAL_OK	0.30	admin-a3	ssh root@10.33.40.10 'curl -s http://app-a3.nova.a3.test:8080/'	Вывод: A3_APP_INTERNAL_OK.	Если проверка зависит от DNS, при отказе повторить по IP и классифицировать primary failure отдельно.
A3.4.3	A3.4	GET /healthz на app-a3 возвращает OK	0.25	admin-a3	ssh root@10.33.40.10 'body_file=$(mktemp); trap "rm -f $body_file" EXIT; code=$(curl -sS --max-time 5 -o "$body_file" -w "%{http_code}" http://app-a3.nova.a3.test:8080/healthz) || { echo "HEALTHZ_FAIL: curl error"; exit 1; }; body=$(tr -d "\r\n" <"$body_file"); echo "HTTP_STATUS=$code"; cat "$body_file"; echo; if [ "$code" = 200 ] && [ "$body" = OK ]; then echo "HEALTHZ_OK"; else echo "HEALTHZ_FAIL: expected HTTP 200 and body OK"; exit 1; fi'	HTTP status строго 200, тело строго OK, вывод содержит HEALTHZ_OK.	Redirect на /healthz/ не считается выполнением требования для GET /healthz.
A3.4.4	A3.4	Backend не является пользовательским entry point	0.20	admin-a3	ssh root@10.33.10.20 'curl -m 5 -s http://app-a3.nova.a3.test:8080/ || true'	Доступ с branch-user-a3 к app-a3:8080 заблокирован/timeout; прямой успешный ответ не допускается.	Если проверка зависит от DNS, при отказе повторить по IP и классифицировать primary failure отдельно.
A3.4.5	A3.4	Nginx/reverse proxy service на proxy-a3 активен	0.25	admin-a3	ssh root@10.33.40.10 'systemctl is-active nginx; ss -lntp | egrep ":80\b|:443\b"'	nginx active; TCP/80 и TCP/443 listening.	Если проверка зависит от DNS, при отказе повторить по IP и классифицировать primary failure отдельно.
A3.4.6	A3.4	GET https://portal.nova.a3.test/ возвращает A3_PORTAL_OK	0.35	admin-a3	ssh root@10.33.10.20 'body_file=$(mktemp); trap "rm -f $body_file" EXIT; code=$(curl -sS --max-time 8 -o "$body_file" -w "%{http_code}" https://portal.nova.a3.test/) || { echo "PORTAL_CONTENT_FAIL: curl/TLS error"; exit 1; }; body=$(tr -d "\r\n" <"$body_file"); echo "HTTP_STATUS=$code"; cat "$body_file"; echo; if [ "$code" = 200 ] && [ "$body" = A3_PORTAL_OK ]; then echo "PORTAL_CONTENT_OK"; else echo "PORTAL_CONTENT_FAIL: expected HTTP 200 and body A3_PORTAL_OK"; exit 1; fi'	HTTP status строго 200, тело строго A3_PORTAL_OK, вывод содержит PORTAL_CONTENT_OK.	Ответ A3_APP_INTERNAL_OK означает ошибочное proxy mapping корня портала на backend.
A3.4.7	A3.4	GET /app корректно проксируется на backend root	0.40	admin-a3	ssh root@10.33.10.20 'body_file=$(mktemp); trap "rm -f $body_file" EXIT; code=$(curl -sS --max-time 5 -o "$body_file" -w "%{http_code}" https://portal.nova.a3.test/app) || { echo "APP_PROXY_FAIL: curl/TLS error"; exit 1; }; body=$(tr -d "\r\n" <"$body_file"); echo "HTTP_STATUS=$code"; cat "$body_file"; echo; if [ "$code" = 200 ] && [ "$body" = A3_APP_INTERNAL_OK ]; then echo "APP_PROXY_OK"; else echo "APP_PROXY_FAIL: expected HTTP 200 and body A3_APP_INTERNAL_OK"; exit 1; fi'	HTTP status строго 200, тело строго A3_APP_INTERNAL_OK, вывод содержит APP_PROXY_OK.	Redirect на /app/ не считается корректным proxy mapping /app на backend root.
A3.4.8	A3.4	GET /healthz корректно проксируется на backend /healthz	0.35	admin-a3	ssh root@10.33.10.20 'curl -sS https://portal.nova.a3.test/healthz'	Вывод: OK.	Если проверка зависит от DNS, при отказе повторить по IP и классифицировать primary failure отдельно.
A3.4.9	A3.4	HTTP portal перенаправляется на HTTPS	0.25	admin-a3	ssh root@10.33.10.20 'curl -sSI http://portal.nova.a3.test/ | egrep -i "HTTP/|Location:"'	Ответ 301/302/308 с Location на https://portal.nova.a3.test/.	Если проверка зависит от DNS, при отказе повторить по IP и классифицировать primary failure отдельно.
A3.4.10	A3.4	Reverse proxy использует корректный internal backend	0.20	admin-a3	ssh root@10.33.40.10 'grep -R "proxy_pass" /etc/nginx/sites-enabled /etc/nginx/conf.d /etc/nginx/nginx.conf 2>/dev/null'	proxy_pass направляет на app-a3:8080/10.33.40.20:8080; не на внешний ресурс.	Если проверка зависит от DNS, при отказе повторить по IP и классифицировать primary failure отдельно.
A3.4.11	A3.4	Прямой доступ к app-a3:8080 заблокирован для branch-user-a3	0.25	admin-a3	ssh root@10.33.10.20 'nc -vz -w3 app-a3.nova.a3.test 8080 || true'	Connection refused/timeout/filtered. Успешное подключение не допускается.	Если проверка зависит от DNS, при отказе повторить по IP и классифицировать primary failure отдельно.
A3.4.12	A3.4	Nginx access/error logs создаются локально на proxy-a3	0.20	admin-a3	ssh root@10.33.40.10 'ls -l /var/log/nginx; tail -n 5 /var/log/nginx/access.log /var/log/nginx/error.log 2>/dev/null || true'	Access log существует и содержит запросы portal; error log существует.	Если проверка зависит от DNS, при отказе повторить по IP и классифицировать primary failure отдельно.
A3.4.13	A3.4	Application и proxy configuration проходят syntax validation	0.20	admin-a3	rc=0; ssh root@10.33.40.10 'nginx -t' || rc=1; ssh root@10.33.40.20 'failed=$(systemctl --failed --no-legend --plain); [ -z "$failed" ] || { printf "%s\n" "$failed"; exit 1; }; ss -lntp | grep :8080' || rc=1; exit "$rc"	На proxy-a3 nginx -t successful; на app-a3 нет failed units и TCP/8080 listening; общий exit code ненулевой при отказе любого устройства.	Nginx явно требуется marking scheme; Apache на app-a3 является backend и не заменяет Nginx на proxy-a3.
A3.4.14	A3.4	App и proxy services сохраняются после reboot/restart	0.25	admin-a3	ssh root@10.33.40.10 'systemctl restart nginx'; ssh root@10.33.40.20 'systemctl restart $(systemctl list-units --type=service | awk "/a3|app|http/ {print \$1; exit}")' 2>/dev/null || true; ssh root@10.33.10.20 'curl -sS https://portal.nova.a3.test/app; curl -sS https://portal.nova.a3.test/healthz'	После рестартов endpoints возвращают A3_APP_INTERNAL_OK и OK.	Если проверка зависит от DNS, при отказе повторить по IP и классифицировать primary failure отдельно.
A3.4.15	A3.4	Portal не использует прямой self-signed certificate	0.30	admin-a3	ssh root@10.33.10.20 'echo | openssl s_client -connect portal.nova.a3.test:443 -servername portal.nova.a3.test 2>/dev/null | openssl x509 -noout -issuer -subject'	Issuer отличается от Subject и соответствует Nova A3 Root CA или подписывающему CA задания.	Если проверка зависит от DNS, при отказе повторить по IP и классифицировать primary failure отдельно.
A3.5.1	A3.5	WireGuard services/tools активны на hq-fw-a3 и branch-user-a3	0.25	admin-a3	ssh root@10.33.20.1 'iface=$(wg show interfaces 2>/dev/null | awk "{print \$1}"); echo "WG_INTERFACE=${iface:-NONE}"; [ -n "$iface" ] && wg show "$iface"; active=$(systemctl is-active "wg-quick@$iface" 2>/dev/null || true); enabled=$(systemctl is-enabled "wg-quick@$iface" 2>/dev/null || true); persistent=no; [ -f "/etc/wireguard/$iface.conf" ] && persistent=config-present; systemctl is-enabled "wg-quick@$iface" >/dev/null 2>&1 && persistent=enabled; echo "WG_SERVICE interface=$iface active=$active enabled=$enabled persistent=$persistent"; if [ -n "$iface" ] && wg show "$iface" peers | grep -q . && { [ "$active" = active ] || [ "$enabled" = enabled ] || [ "$persistent" = config-present ]; }; then echo "WG_SERVICE_OK hq-fw-a3 interface=$iface"; else echo "WG_SERVICE_FAIL hq-fw-a3 interface=${iface:-NONE}"; exit 1; fi'; ssh root@10.33.10.20 'iface=$(wg show interfaces 2>/dev/null | awk "{print \$1}"); echo "WG_INTERFACE=${iface:-NONE}"; [ -n "$iface" ] && wg show "$iface"; active=$(systemctl is-active "wg-quick@$iface" 2>/dev/null || true); enabled=$(systemctl is-enabled "wg-quick@$iface" 2>/dev/null || true); persistent=no; [ -f "/etc/wireguard/$iface.conf" ] && persistent=config-present; systemctl is-enabled "wg-quick@$iface" >/dev/null 2>&1 && persistent=enabled; echo "WG_SERVICE interface=$iface active=$active enabled=$enabled persistent=$persistent"; if [ -n "$iface" ] && wg show "$iface" peers | grep -q . && { [ "$active" = active ] || [ "$enabled" = enabled ] || [ "$persistent" = config-present ]; }; then echo "WG_SERVICE_OK branch-user-a3 interface=$iface"; else echo "WG_SERVICE_FAIL branch-user-a3 interface=${iface:-NONE}"; exit 1; fi'	На каждом устройстве определяется фактическое имя WireGuard-интерфейса; интерфейс существует, имеет peer и обнаружена active/enabled служба либо persistent config. Вывод содержит WG_SERVICE_OK для обоих устройств.	Проверка не подменяет failed значением exit=0 и не предполагает имя wg0. Фактические interface, active, enabled и persistent выводятся явно.
A3.5.2	A3.5	hq-fw-a3 имеет корректные WireGuard IPv4/IPv6 addresses	0.25	admin-a3	ssh root@10.33.20.1 'ip addr show wg0'	wg0 содержит 10.233.3.1/24 и fd00:a3:a3::1/64.	Если проверка зависит от DNS, при отказе повторить по IP и классифицировать primary failure отдельно.
A3.5.3	A3.5	branch-user-a3 имеет корректные WireGuard IPv4/IPv6 addresses	0.25	admin-a3	ssh root@10.33.10.20 'ip addr show wg0'	wg0 содержит 10.233.3.10/24 и fd00:a3:a3::10/64.	Если проверка зависит от DNS, при отказе повторить по IP и классифицировать primary failure отдельно.
A3.5.4	A3.5	UDP/51820 endpoint доступен через WAN	0.25	admin-a3	ssh root@10.33.20.1 'ss -lunp | grep 51820 || wg show'; ssh root@10.33.10.20 'nc -vzu -w3 192.0.2.20 51820 || true'	Endpoint listening; UDP-запрос не блокируется firewall на пути.	Если проверка зависит от DNS, при отказе повторить по IP и классифицировать primary failure отдельно.
A3.5.5	A3.5	WireGuard peer keys и handshake настроены	0.30	admin-a3	ssh root@10.33.10.20 'ping -c2 10.233.3.1 >/dev/null; wg show'; ssh root@10.33.20.1 'wg show'	Есть peer; latest handshake не empty/never; transfer counters увеличиваются.	Если проверка зависит от DNS, при отказе повторить по IP и классифицировать primary failure отдельно.
A3.5.6	A3.5	AllowedIPs на branch-user-a3 ограничены hq-fw-a3 wg addresses	0.30	admin-a3	ssh root@10.33.10.20 'out=$({ wg show all allowed-ips 2>/dev/null; grep -Rh "^[[:space:]]*AllowedIPs[[:space:]]*=" /etc/wireguard 2>/dev/null; } | sort -u); printf "%s\n" "$out"; missing=""; printf "%s\n" "$out" | grep -Fq "10.233.3.1/32" || missing="$missing 10.233.3.1/32"; printf "%s\n" "$out" | grep -Fq "fd00:a3:a3::1/128" || missing="$missing fd00:a3:a3::1/128"; forbidden=$(printf "%s\n" "$out" | grep -E "0\.0\.0\.0/0|(^|[,[:space:]])::/0|10\.33\.(20|30|40)\.0/24" || true); if [ -z "$missing" ] && [ -z "$forbidden" ]; then echo "ALLOWED_IPS_OK"; else [ -z "$missing" ] || echo "ALLOWED_IPS_FAIL missing:$missing"; [ -z "$forbidden" ] || echo "ALLOWED_IPS_FAIL forbidden: $forbidden"; exit 1; fi'	Есть ровно требуемые узкие назначения 10.233.3.1/32 и fd00:a3:a3::1/128; отсутствуют default/broad internal prefixes; вывод содержит ALLOWED_IPS_OK.	Любой другой IPv6-адрес peer не заменяет требуемый fd00:a3:a3::1/128.
A3.5.7	A3.5	WireGuard не является общим маршрутом к серверной сети Shenzhen	0.25	admin-a3	ssh root@10.33.10.20 'ip route get 10.33.40.10; ip route get 10.33.30.10; ip -6 route get 2001:db8:a3:40::10'	Маршрут к 10.33.40.10/10.33.30.10 идёт через 10.33.10.1, не через wg0.	Если проверка зависит от DNS, при отказе повторить по IP и классифицировать primary failure отдельно.
A3.5.8	A3.5	SSH branch-user-a3 -> hq-fw-a3 по 10.233.3.1 работает	0.30	admin-a3	ssh root@10.33.10.20 'out=$(ssh -o BatchMode=yes -o StrictHostKeyChecking=no -o UserKnownHostsFile=/dev/null -o LogLevel=ERROR -o ConnectTimeout=5 root@10.233.3.1 hostname 2>&1); rc=$?; printf "%s\n" "$out"; if [ "$rc" -eq 0 ] && printf "%s\n" "$out" | grep -Fxq hq-fw-a3; then echo "SSH_WG_OK branch-user-a3 -> hq-fw-a3"; else echo "SSH_WG_FAIL branch-user-a3 -> hq-fw-a3 exit=$rc"; exit 1; fi'	Вложенный SSH успешно аутентифицируется и возвращает hq-fw-a3; вывод содержит SSH_WG_OK.	Permission denied означает, что IP connectivity есть, но требуемый SSH key access не настроен.
A3.5.9	A3.5	SSH jump из branch-user-a3 к proxy-a3 через hq-fw-a3 работает	0.30	admin-a3	ssh root@10.33.10.20 'ssh -J root@10.233.3.1 -o BatchMode=yes -o ConnectTimeout=8 root@proxy-a3.nova.a3.test hostname'	Команда возвращает proxy-a3.	Если проверка зависит от DNS, при отказе повторить по IP и классифицировать primary failure отдельно.
A3.5.10	A3.5	SSH jump из branch-user-a3 к app-a3 и log-a3 через hq-fw-a3 работает	0.30	admin-a3	ssh root@10.33.10.20 'check_jump() { target="$1"; expected="$2"; out=$(ssh -J root@10.233.3.1 -o BatchMode=yes -o PasswordAuthentication=no -o KbdInteractiveAuthentication=no -o NumberOfPasswordPrompts=0 -o StrictHostKeyChecking=no -o UserKnownHostsFile=/dev/null -o LogLevel=ERROR -o ConnectTimeout=8 "root@$target" hostname 2>&1); rc=$?; printf "%s\n" "$out"; if [ "$rc" -eq 0 ] && printf "%s\n" "$out" | grep -Fxq "$expected"; then echo "SSH_JUMP_OK $expected"; printf "\033[32mDEVICE %-18s: PASS\033[0m\n" "$expected"; return 0; else echo "SSH_JUMP_FAIL $expected exit=$rc"; printf "\033[31mDEVICE %-18s: FAIL\033[0m\n" "$expected"; return 1; fi; }; rc=0; check_jump app-a3.nova.a3.test app-a3 || rc=1; check_jump log-a3.nova.a3.test log-a3 || rc=1; exit "$rc"'	Отдельно выводятся SSH_JUMP_OK и DEVICE PASS для app-a3 и log-a3; общий код ненулевой при отказе любого назначения.	Password authentication полностью запрещена; Permission denied на 10.233.3.1 означает отсутствие требуемого key access к jump-host.
A3.5.11	A3.5	Прямой SSH из SH-LAN к серверам Shenzhen запрещён	0.30	admin-a3	ssh root@10.33.10.20 'for h in proxy-a3.nova.a3.test app-a3.nova.a3.test log-a3.nova.a3.test; do nc -vz -w3 $h 22 || true; done'	Прямые подключения неуспешны/filtered.	Если проверка зависит от DNS, при отказе повторить по IP и классифицировать primary failure отдельно.
A3.5.12	A3.5	IPv6 WireGuard connectivity работает для hq-fw-a3	0.15	admin-a3	ssh root@10.33.10.20 'ping -6 -c2 fd00:a3:a3::1'	IPv6 ping успешен.	Если проверка зависит от DNS, при отказе повторить по IP и классифицировать primary failure отдельно.
A3.5.13	A3.5	WireGuard configuration сохраняется после restart/reboot	0.20	admin-a3	После согласованного restart определить фактические WireGuard interfaces, перезапустить соответствующие wg-quick@<interface>, проверить peer и ping 10.233.3.1.	Для hq-fw-a3 и branch-user-a3 выводятся фактические interface/unit, WG_RESTART_OK и отдельный DEVICE PASS; после restart ping имеет 0% packet loss.	Проверка выполняется только с --post-reboot, не предполагает имя wg0 и не скрывает ошибку restart через || true.
A3.5.14	A3.5	NAT/masquerade внутри WireGuard не используется	0.10	admin-a3	ssh root@10.33.20.1 'nft list ruleset | egrep -i "masquerade|snat" || true; iptables-save 2>/dev/null | egrep -i "MASQUERADE|SNAT" || true'	Нет SNAT/MASQUERADE для wg0/10.233.3.0/24 traffic.	Если проверка зависит от DNS, при отказе повторить по IP и классифицировать primary failure отдельно.
A3.6.1	A3.6	nftables active on branch-fw-a3	0.25	admin-a3	ssh root@10.33.10.1 'systemctl is-active nftables; nft list ruleset | head -50'	Service active; ruleset не пустой.	Если проверка зависит от DNS, при отказе повторить по IP и классифицировать primary failure отдельно.
A3.6.2	A3.6	nftables active on hq-fw-a3	0.25	admin-a3	ssh root@10.33.20.1 'systemctl is-active nftables; nft list ruleset | head -50'	Service active; ruleset не пустой.	Если проверка зависит от DNS, при отказе повторить по IP и классифицировать primary failure отдельно.
A3.6.3	A3.6	Gateway forwarding имеет deny-by-default или эквивалентную строгую политику	0.25	admin-a3	ssh root@10.33.10.1 'nft list ruleset'; ssh root@10.33.20.1 'nft list ruleset'	Ruleset содержит policy drop/reject или explicit deny для неразрешённых потоков.	Если проверка зависит от DNS, при отказе повторить по IP и классифицировать primary failure отдельно.
A3.6.4	A3.6	branch-user-a3 -> proxy-a3 DNS/HTTP/HTTPS разрешены	0.25	admin-a3	ssh root@10.33.10.20 'rc=0; dns=$(dig @proxy-a3.nova.a3.test portal.nova.a3.test A +short +time=3 +tries=1 2>&1); printf "%s\n" "$dns"; if printf "%s\n" "$dns" | grep -Fxq 10.33.40.10; then echo "DNS_ALLOWED_OK proxy-a3:53"; else echo "DNS_ALLOWED_FAIL proxy-a3:53"; rc=1; fi; if nc -vz -w3 portal.nova.a3.test 80; then echo "HTTP_ALLOWED_OK proxy-a3:80"; else echo "HTTP_ALLOWED_FAIL proxy-a3:80"; rc=1; fi; if nc -vz -w3 portal.nova.a3.test 443; then echo "HTTPS_ALLOWED_OK proxy-a3:443"; else echo "HTTPS_ALLOWED_FAIL proxy-a3:443"; rc=1; fi; exit "$rc"'	Вывод содержит DNS_ALLOWED_OK proxy-a3:53, HTTP_ALLOWED_OK proxy-a3:80 и HTTPS_ALLOWED_OK proxy-a3:443; отсутствуют соответствующие FAIL markers.	DNS считается успешным при точном ответе 10.33.40.10; формат вывода dig не обязан содержать слово open или номер порта.
A3.6.5	A3.6	branch-user-a3 -> app-a3 TCP/8080 запрещён	0.25	admin-a3	ssh root@10.33.10.20 'nc -vz -w3 app-a3.nova.a3.test 8080 || true'	Нет успешного подключения.	Если проверка зависит от DNS, при отказе повторить по IP и классифицировать primary failure отдельно.
A3.6.6	A3.6	branch-user-a3 -> proxy/app/log TCP/22 без WireGuard/jump запрещён	0.25	admin-a3	ssh root@10.33.10.20 'for h in proxy-a3.nova.a3.test app-a3.nova.a3.test log-a3.nova.a3.test; do nc -vz -w3 $h 22 || true; done'	Все подключения неуспешны.	Если проверка зависит от DNS, при отказе повторить по IP и классифицировать primary failure отдельно.
A3.6.7	A3.6	branch-user-a3 wg0 -> hq-fw-a3 wg0 TCP/22 разрешён	0.25	admin-a3	ssh root@10.33.10.20 'if nc -vz -w3 10.233.3.1 22; then echo "WG_SSH_PORT_OK 10.233.3.1:22"; else rc=$?; echo "WG_SSH_PORT_FAIL 10.233.3.1:22 exit=$rc"; exit "$rc"; fi'	TCP/22 на точном WG-адресе 10.233.3.1 доступен; вывод содержит WG_SSH_PORT_OK.	Результат не зависит от reverse DNS имени, которое показывает nc.
A3.6.8	A3.6	hq-fw-a3 -> proxy/app/log TCP/22 разрешён	0.25	admin-a3	ssh root@10.33.20.1 'for h in 10.33.40.10 10.33.40.20 10.33.30.10; do nc -vz -w3 $h 22; done'	Все подключения успешны.	Если проверка зависит от DNS, при отказе повторить по IP и классифицировать primary failure отдельно.
A3.6.9	A3.6	admin-a3 -> all hosts TCP/22 разрешён для evidence/scoring	0.25	admin-a3	ssh root@10.33.20.20 'check_host() { ip="$1"; expected="$2"; out=$(ssh -o BatchMode=yes -o PasswordAuthentication=no -o KbdInteractiveAuthentication=no -o NumberOfPasswordPrompts=0 -o StrictHostKeyChecking=no -o UserKnownHostsFile=/dev/null -o LogLevel=ERROR -o ConnectTimeout=5 "root@$ip" hostname 2>&1); code=$?; printf "%s\n" "$out"; if [ "$code" -eq 0 ] && printf "%s\n" "$out" | grep -Fxq "$expected"; then echo "ADMIN_SSH_OK $expected $ip"; printf "\033[32mDEVICE %-18s (%s): PASS\033[0m\n" "$expected" "$ip"; return 0; else echo "ADMIN_SSH_FAIL $expected $ip exit=$code"; printf "\033[31mDEVICE %-18s (%s): FAIL\033[0m\n" "$expected" "$ip"; return 1; fi; }; rc=0; check_host 10.33.10.1 branch-fw-a3 || rc=1; check_host 10.33.10.20 branch-user-a3 || rc=1; check_host 10.33.20.1 hq-fw-a3 || rc=1; check_host 10.33.40.10 proxy-a3 || rc=1; check_host 10.33.40.20 app-a3 || rc=1; check_host 10.33.30.10 log-a3 || rc=1; exit "$rc"'	Для каждого из шести узлов выводится ADMIN_SSH_OK и отдельный DEVICE PASS; общий код ненулевой при отказе любого узла.	Оценочный SSH не зависит от ранее сохранённого known_hosts и не запрашивает пароль.
A3.6.10	A3.6	proxy-a3 -> app-a3 TCP/8080 разрешён	0.25	admin-a3	ssh root@10.33.40.10 'rc=0; if nc -vz -w3 app-a3.nova.a3.test 8080; then echo "BACKEND_TCP_OK app-a3:8080"; else echo "BACKEND_TCP_FAIL app-a3:8080"; rc=1; fi; body_file=$(mktemp); trap "rm -f $body_file" EXIT; code=$(curl -sS --max-time 5 -o "$body_file" -w "%{http_code}" http://app-a3.nova.a3.test:8080/healthz) || { echo "BACKEND_HEALTH_FAIL curl error"; exit 1; }; body=$(tr -d "\r\n" <"$body_file"); echo "HTTP_STATUS=$code"; cat "$body_file"; echo; if [ "$code" = 200 ] && [ "$body" = OK ]; then echo "BACKEND_HEALTH_OK"; else echo "BACKEND_HEALTH_FAIL expected HTTP 200 and body OK"; rc=1; fi; exit "$rc"'	Вывод содержит BACKEND_TCP_OK app-a3:8080 и BACKEND_HEALTH_OK; healthz возвращает HTTP 200 с телом строго OK.	Redirect на /healthz/ означает, что TCP разрешён, но health check критерия не выполнен.
A3.6.11	A3.6	Syslog flows от branch-fw/hq-fw/proxy/app к log-a3 TCP/514 разрешены	0.25	admin-a3	for h in 10.33.10.1 10.33.20.1 10.33.40.10 10.33.40.20; do echo ===$h===; ssh root@$h 'nc -vz -w3 log-a3.nova.a3.test 514'; done	Все четыре источника подключаются к TCP/514.	Если проверка зависит от DNS, при отказе повторить по IP и классифицировать primary failure отдельно.
A3.6.12	A3.6	other hosts -> log-a3 TCP/514 запрещены, если не являются explicit syslog source	0.25	admin-a3	ssh root@10.33.10.1 'for dst in 10.33.40.10 10.33.40.20 10.33.30.10; do for p in 22 53 80 443 514 8080; do echo WAN-SRC 192.0.2.10 to $dst:$p; nc -s 192.0.2.10 -vz -w2 $dst $p || true; done; done'\nssh root@10.33.20.1 'for dst in 10.33.40.10 10.33.40.20 10.33.30.10; do for p in 22 53 80 443 514 8080; do echo WAN-SRC 192.0.2.20 to $dst:$p; nc -s 192.0.2.20 -vz -w2 $dst $p || true; done; done'	Нет успешного доступа к internal services с source 192.0.2.10/192.0.2.20. Исключение: только UDP/51820 к hq-fw-a3 WAN IP оценивается отдельным критерием.	Если nc TCP/53 не отражает UDP DNS, дополнительно использовать dig -b WAN-IP @10.33.40.10 из HTM-A32-11.
A3.6.13	A3.6	WAN-source 192.0.2.0/24 -> internal services запрещён	0.25	admin-a3	ssh root@10.33.10.1 'for p in 53 80 443 22 8080; do nc -s 192.0.2.10 -vz -w3 10.33.40.10 $p || true; done'	Нет успешного доступа к internal services с source 192.0.2.10, кроме явно разрешённого WG endpoint.	Если проверка зависит от DNS, при отказе повторить по IP и классифицировать primary failure отдельно.
A3.6.14	A3.6	Требуемые ICMP/ICMPv6 diagnostic pairs разрешены	0.25	admin-a3	ssh root@10.33.10.20 'nc -vzu -w3 192.0.2.20 51820 || true'; ssh root@10.33.20.1 'wg show'	Указанные ICMP/ICMPv6-пары успешны. Не снимать баллы за дополнительные ICMP-пары, если они не нарушают другие явные firewall-deny требования.	Формулировка скорректирована как positive reachability check, чтобы не требовать неописанные в задании ICMP-deny tests.
A3.6.15	A3.6	ICMP/ICMPv6 разрешён только для требуемых диагностических пар	0.25	admin-a3	ssh root@10.33.10.20 'ping -c2 proxy-a3.nova.a3.test; ping -c2 hq-fw-a3.nova.a3.test'; ssh root@10.33.20.20 'ping -c2 branch-user-a3.nova.a3.test; ping -c2 proxy-a3.nova.a3.test'	Указанные ICMP-пары успешны.	Если проверка зависит от DNS, при отказе повторить по IP и классифицировать primary failure отдельно.
A3.6.16	A3.6	Firewall drop logs имеют prefixes A3-BR-DROP и A3-HQ-DROP и правила сохраняются	0.25	admin-a3	ssh root@10.33.10.1 'nft list ruleset | grep A3-BR-DROP'; ssh root@10.33.20.1 'nft list ruleset | grep A3-HQ-DROP'; ssh root@10.33.10.1 'systemctl is-enabled nftables'; ssh root@10.33.20.1 'systemctl is-enabled nftables'	Оба префикса есть в ruleset; nftables enabled.	Если проверка зависит от DNS, при отказе повторить по IP и классифицировать primary failure отдельно.
A3.7.1	A3.7	log-a3 принимает syslog по TCP/514	0.20	admin-a3	ssh root@10.33.30.10 'systemctl is-active rsyslog; ss -lntp | grep :514'	rsyslog active; TCP/514 listening.	Если проверка зависит от DNS, при отказе повторить по IP и классифицировать primary failure отдельно.
A3.7.2	A3.7	Remote log files для gateway-хостов создаются	0.20	admin-a3	ssh root@10.33.30.10 'ls -l /var/log/remote; test -s /var/log/remote/branch-fw-a3.log; test -s /var/log/remote/hq-fw-a3.log; tail -n 5 /var/log/remote/branch-fw-a3.log /var/log/remote/hq-fw-a3.log'	Файлы существуют и содержат свежие записи.	Если проверка зависит от DNS, при отказе повторить по IP и классифицировать primary failure отдельно.
A3.7.3	A3.7	Remote log files для proxy-a3 и app-a3 создаются	0.20	admin-a3	ssh root@10.33.30.10 'test -s /var/log/remote/proxy-a3.log; test -s /var/log/remote/app-a3.log; tail -n 5 /var/log/remote/proxy-a3.log /var/log/remote/app-a3.log'	Файлы существуют и содержат свежие записи.	Если проверка зависит от DNS, при отказе повторить по IP и классифицировать primary failure отдельно.
A3.7.4	A3.7	Firewall drop logs поступают на log-a3	0.20	admin-a3	ssh root@10.33.10.20 'nc -vz -w2 app-a3.nova.a3.test 8080 || true'; sleep 2; ssh root@10.33.30.10 'grep -R "A3-BR-DROP\|A3-HQ-DROP" /var/log/remote /var/log/syslog 2>/dev/null | tail'	Central log содержит drop prefixes.	Если проверка зависит от DNS, при отказе повторить по IP и классифицировать primary failure отдельно.
A3.7.5	A3.7	Nginx access events proxy-a3 отправляются на log-a3	0.20	admin-a3	ssh root@10.33.10.20 'code=$(curl -ksS --max-time 8 -o /dev/null -w "%{http_code}" https://portal.nova.a3.test/app) || { echo "ACCESS_EVENT_GENERATE_FAIL curl error"; exit 1; }; echo "HTTP_STATUS=$code"; echo "ACCESS_EVENT_GENERATED portal/app"'; sleep 3; ssh root@10.33.30.10 'file=/var/log/remote/proxy-a3.log; if [ ! -s "$file" ]; then echo "ACCESS_EVENT_LOG_FAIL: $file отсутствует или пуст"; exit 1; fi; match=$(timeout 10 grep -E "portal|/app|nginx" "$file" 2>/dev/null | tail -n 5); printf "%s\n" "$match"; if [ -n "$match" ]; then echo "ACCESS_EVENT_LOG_OK proxy-a3.log"; else echo "ACCESS_EVENT_LOG_FAIL: событие portal/app/nginx не найдено"; exit 1; fi'	На branch-user-a3 выводится ACCESS_EVENT_GENERATED; на log-a3 файл proxy-a3.log существует и содержит событие, выводится ACCESS_EVENT_LOG_OK.	Поиск ограничен конкретным файлом и 10 секундами; рекурсивный просмотр всего /var/log/remote не используется.
A3.7.6	A3.7	Nginx error events proxy-a3 отправляются на log-a3	0.20	admin-a3	ssh root@10.33.40.10 'grep -R "/var/log/nginx/error.log\|nginx.*error" /etc/rsyslog.conf /etc/rsyslog.d 2>/dev/null || true'\nssh root@10.33.10.20 'curl -ks https://portal.nova.a3.test/nonexistent-a3-error-test >/dev/null || true'\nsleep 2\nssh root@10.33.30.10 'grep -R "nginx\|nonexistent-a3-error-test\|error" /var/log/remote/proxy-a3.log /var/log/remote 2>/dev/null | tail -20'	Есть настройка отправки nginx error log или nginx error facility/tag в rsyslog, и на log-a3 видны nginx/error-related записи от proxy-a3.	Простая команда logger -t nginx_error больше не считается достаточной, если она не подтверждает реальное forwarding nginx error events.
A3.7.7	A3.7	Application events app-a3 отправляются на log-a3	0.20	admin-a3	ssh root@10.33.40.20 'logger -t a3_app A3_APP_LOG_TEST'; sleep 2; ssh root@10.33.30.10 'grep -R "A3_APP_LOG_TEST" /var/log/remote/app-a3.log /var/log/remote 2>/dev/null'	Central log содержит A3_APP_LOG_TEST.	Если проверка зависит от DNS, при отказе повторить по IP и классифицировать primary failure отдельно.
A3.7.8	A3.7	Remote log path и permissions корректны	0.20	admin-a3	ssh root@10.33.30.10 'stat -c "%U %G %a %n" /var/log/remote /var/log/remote/*.log'	Каталог/файлы принадлежат root/syslog; permissions не позволяют неавторизованную запись.	Если проверка зависит от DNS, при отказе повторить по IP и классифицировать primary failure отдельно.
A3.7.9	A3.7	Central logging сохраняется после restart/reboot	0.20	admin-a3	ssh root@10.33.30.10 'systemctl restart rsyslog'; ssh root@10.33.40.20 'logger -t a3_app A3_LOG_RESTART_TEST'; sleep 2; ssh root@10.33.30.10 'grep -R A3_LOG_RESTART_TEST /var/log/remote 2>/dev/null'	Тестовая запись появляется после restart.	Если проверка зависит от DNS, при отказе повторить по IP и классифицировать primary failure отдельно.
A3.7.10	A3.7	Evidence содержит подтверждение central logging	0.20	admin-a3	ssh root@10.33.20.20 'dir=/opt/grading/a3; if [ ! -d "$dir" ]; then echo "LOG_EVIDENCE_FAIL: каталог $dir отсутствует"; exit 1; fi; logging=$(grep -RiE "log-a3|/var/log/remote|A3-BR-DROP|A3-HQ-DROP|nginx" "$dir" 2>/dev/null | head -n 40 || true); results=$(grep -RiE "PASS|FAIL|Result:" "$dir" 2>/dev/null | head -n 20 || true); [ -n "$logging" ] && { printf "%s\n" "$logging"; echo "LOG_EVIDENCE_CONTENT_OK"; } || echo "LOG_EVIDENCE_CONTENT_FAIL: нет фактического вывода central logging"; [ -n "$results" ] && { printf "%s\n" "$results"; echo "LOG_EVIDENCE_RESULT_OK"; } || echo "LOG_EVIDENCE_RESULT_FAIL: нет PASS/FAIL/Result"; if [ -n "$logging" ] && [ -n "$results" ]; then echo "LOG_EVIDENCE_OK"; else echo "LOG_EVIDENCE_FAIL: evidence неполный"; exit 1; fi'	Каталог evidence существует, содержит фактические строки central logging и результаты PASS/FAIL; вывод содержит LOG_EVIDENCE_OK.	Пустой grep больше не маскируется успешным exit code команды head.
A3.8.1	A3.8	admin-a3 имеет root SSH key-доступ ко всем узлам	0.25	admin-a3	check_admin_ssh() { ip="$1"; expected="$2"; out=$(ssh -o BatchMode=yes -o PasswordAuthentication=no -o KbdInteractiveAuthentication=no -o NumberOfPasswordPrompts=0 -o StrictHostKeyChecking=no -o UserKnownHostsFile=/dev/null -o LogLevel=ERROR -o ConnectTimeout=8 "root@$ip" hostname 2>&1); code=$?; printf "%s\n" "$out"; if [ "$code" -eq 0 ] && printf "%s\n" "$out" | grep -Fxq "$expected"; then echo "ADMIN_KEY_OK $expected $ip"; printf "\033[32mDEVICE %-18s (%s): PASS\033[0m\n" "$expected" "$ip"; return 0; else echo "ADMIN_KEY_FAIL $expected $ip exit=$code"; printf "\033[31mDEVICE %-18s (%s): FAIL\033[0m\n" "$expected" "$ip"; echo "  Причина: root key SSH с admin-a3 не вернул ожидаемый hostname $expected (exit=$code)."; return 1; fi; }; rc=0; check_admin_ssh 10.33.10.1 branch-fw-a3 || rc=1; check_admin_ssh 10.33.10.20 branch-user-a3 || rc=1; check_admin_ssh 10.33.20.1 hq-fw-a3 || rc=1; check_admin_ssh 10.33.40.10 proxy-a3 || rc=1; check_admin_ssh 10.33.40.20 app-a3 || rc=1; check_admin_ssh 10.33.30.10 log-a3 || rc=1; exit "$rc"	С текущего admin-a3 выполняются шесть прямых root SSH key-подключений по management IPv4; для каждого узла выводится ADMIN_KEY_OK и отдельный DEVICE PASS.	Повторное SSH-подключение к самому admin-a3 не выполняется. Проверка не зависит от DNS и known_hosts, не запрашивает пароль и начисляет частичный балл по узлам.
A3.8.2	A3.8	/opt/grading/a3 создан на admin-a3	0.20	admin-a3	ssh root@10.33.20.20 'stat -c "%U %G %a %n" /opt/grading/a3'	Каталог существует.	Если проверка зависит от DNS, при отказе повторить по IP и классифицировать primary failure отдельно.
A3.8.3	A3.8	a3-selfcheck.sh существует и исполняемый	0.25	admin-a3	file=/opt/a3-checks/a3-selfcheck.sh; if [ -f "$file" ]; then echo "SELFCHECK_FOUND path=$file"; ls -l "$file"; head -40 "$file"; else echo "SELFCHECK_NOT_FOUND path=$file"; printf "\033[31mDEVICE %-18s: FAIL\033[0m\n" admin-a3; echo "  Причина: файл $file не существует."; exit 1; fi; if [ -x "$file" ]; then echo "SELFCHECK_EXECUTABLE_OK"; printf "\033[32mDEVICE %-18s: PASS\033[0m\n" admin-a3; else echo "SELFCHECK_NOT_EXECUTABLE"; printf "\033[31mDEVICE %-18s: FAIL\033[0m\n" admin-a3; echo "  Причина: файл существует, но не имеет executable bit."; exit 1; fi	На текущем admin-a3 файл /opt/a3-checks/a3-selfcheck.sh существует; выводятся ls -l и первые 40 строк; присутствуют SELFCHECK_FOUND и SELFCHECK_EXECUTABLE_OK.	Проверка выполняется локально без SSH к самому admin-a3. Отсутствующий файл и отсутствие executable bit различаются в причине FAIL.
A3.8.4	A3.8	self-check покрывает ключевые блоки задания	0.30	admin-a3	ssh root@10.33.20.20 'grep -Ei "routing|route|dns|dig|certificate|openssl|portal|WireGuard|wg show|firewall|nft|log-a3|rsyslog" /opt/a3-checks/a3-selfcheck.sh'	В скрипте присутствуют проверки всех перечисленных блоков.	Если проверка зависит от DNS, при отказе повторить по IP и классифицировать primary failure отдельно.
A3.8.5	A3.8	checks.txt содержит команды, вывод и PASS/FAIL	0.25	admin-a3	ssh root@10.33.20.20 'test -s /opt/grading/a3/checks.txt; egrep -i "Command:|PASS|FAIL|Result" /opt/grading/a3/checks.txt | head -50'	Файл не пустой, есть команды/вывод/PASS/FAIL.	Если проверка зависит от DNS, при отказе повторить по IP и классифицировать primary failure отдельно.
A3.8.6	A3.8	traffic-tests.txt содержит positive и negative firewall tests	0.25	admin-a3	ssh root@10.33.20.20 'test -s /opt/grading/a3/traffic-tests.txt; egrep -i "allow|deny|positive|negative|nc|curl|PASS|FAIL" /opt/grading/a3/traffic-tests.txt'	Файл включает тесты allowed и denied flows.	Если проверка зависит от DNS, при отказе повторить по IP и классифицировать primary failure отдельно.
A3.8.7	A3.8	wg-status.txt содержит wg show с hq-fw-a3 и branch-user-a3	0.20	admin-a3	ssh root@10.33.20.20 'test -s /opt/grading/a3/wg-status.txt; egrep -i "interface:|peer:|latest handshake|hq-fw-a3|branch-user-a3" /opt/grading/a3/wg-status.txt'	Есть вывод wg show для server и client.	Если проверка зависит от DNS, при отказе повторить по IP и классифицировать primary failure отдельно.
A3.8.8	A3.8	certificates.txt содержит TLS verification	0.20	admin-a3	ssh root@10.33.20.20 'test -s /opt/grading/a3/certificates.txt; egrep -i "openssl|subjectAltName|verify return|ssl_verify_result|portal" /opt/grading/a3/certificates.txt'	Файл содержит проверку SAN/chain/trust.	Если проверка зависит от DNS, при отказе повторить по IP и классифицировать primary failure отдельно.
A3.8.9	A3.8	notes.txt существует и корректно заполнен	0.15	admin-a3	ssh root@10.33.20.20 'test -s /opt/grading/a3/notes.txt; cat /opt/grading/a3/notes.txt'	Файл содержит none или конкретный список known issues.	Если файл фиксирует невыполненные части, баллы по соответствующим техническим критериям снимаются отдельно.
A3.8.10	A3.8	Локальные fallback outputs — справочная процедура, не оценивается отдельно	0.00	admin-a3	Не начислять и не снимать баллы по этому пункту. При невозможности remote collection эксперт использует локальные outputs с соответствующих узлов как доказательство для конкретных критериев.	Нецелевой/условный критерий исключён из оценки: не должен влиять на итоговый балл.	Сохранено как инструкция по работе с аварийным сбором evidence, без изменения задания участника.
A3.8.11	A3.8	Critical services проходят persistence smoke test	0.45	admin-a3	После согласованного restart/reboot проверить отдельно: DNS portal, точное тело portal root, nftables на branch-fw-a3 и hq-fw-a3, WireGuard connectivity и central log.	Шесть компонентов получают отдельные PERSISTENCE_OK и DEVICE PASS: dns, portal, branch-firewall, hq-firewall, wireguard, central-log. Для portal требуется точное тело A3_PORTAL_OK.	При отказе части компонентов начисляется частичный балл. A3_APP_INTERNAL_OK на корне портала означает FAIL только компонента portal, а не неясный общий отказ.
